,identifier,present_residence,property,age,other_installment_plans,housing,No_existing_accounts,job,No_liable_people,telephone,foreign_worker,label
0,0,4,A121,67,A143,A152,2,A173,1,A192,A201,1
1,1,2,A121,22,A143,A152,1,A173,1,A191,A201,2
2,2,3,A121,49,A143,A152,1,A172,2,A191,A201,1
3,3,4,A122,45,A143,A153,1,A173,2,A191,A201,1
4,4,4,A124,53,A143,A153,2,A173,2,A191,A201,2
5,5,4,A124,35,A143,A153,1,A172,2,A192,A201,1
6,6,4,A122,53,A143,A152,1,A173,1,A191,A201,1
7,7,2,A123,35,A143,A151,1,A174,1,A192,A201,1
8,8,4,A121,61,A143,A152,1,A172,1,A191,A201,1
9,9,2,A123,28,A143,A152,2,A174,1,A191,A201,2
10,10,1,A123,25,A143,A151,1,A173,1,A191,A201,2
11,11,4,A122,24,A143,A151,1,A173,1,A191,A201,2
12,12,1,A123,22,A143,A152,1,A173,1,A192,A201,1
13,13,4,A123,60,A143,A152,2,A172,1,A191,A201,2
14,14,4,A123,28,A143,A151,1,A173,1,A191,A201,1
15,15,2,A123,32,A143,A152,1,A172,1,A191,A201,2
16,16,4,A122,53,A143,A152,2,A173,1,A191,A201,1
17,17,3,A123,25,A141,A152,3,A173,1,A191,A201,1
18,18,2,A124,44,A143,A153,1,A174,1,A192,A201,2
19,19,2,A123,31,A143,A152,1,A173,2,A192,A201,1
20,20,4,A123,48,A143,A152,3,A173,1,A192,A201,1
21,21,3,A121,44,A143,A151,1,A173,2,A191,A201,1
22,22,3,A121,48,A143,A151,2,A172,2,A191,A202,1
23,23,4,A122,44,A143,A152,1,A173,1,A191,A201,1
24,24,1,A123,26,A143,A152,2,A173,1,A191,A202,1
25,25,2,A121,36,A141,A152,1,A172,1,A192,A201,1
26,26,4,A123,39,A143,A152,1,A172,1,A191,A201,1
27,27,3,A121,42,A143,A151,2,A173,1,A191,A201,1
28,28,2,A121,34,A143,A152,1,A173,1,A191,A201,1
29,29,4,A124,63,A143,A152,2,A173,1,A192,A201,2
30,30,3,A121,36,A141,A152,1,A173,1,A192,A201,1
31,31,2,A123,27,A142,A152,1,A173,1,A191,A201,1
32,32,2,A123,30,A143,A152,2,A173,1,A192,A201,1
33,33,4,A124,57,A143,A151,1,A172,1,A191,A201,1
34,34,1,A122,33,A141,A152,1,A174,1,A192,A201,1
35,35,2,A122,25,A143,A152,2,A172,1,A191,A201,2
36,36,3,A124,31,A141,A153,1,A173,1,A192,A201,1
37,37,2,A121,37,A142,A152,1,A173,1,A191,A201,2
38,38,2,A123,37,A143,A152,1,A173,1,A192,A201,1
39,39,3,A121,24,A143,A152,1,A173,1,A191,A201,1
40,40,2,A123,30,A141,A152,1,A174,1,A191,A201,1
41,41,1,A123,26,A143,A152,1,A173,1,A192,A201,1
42,42,4,A121,44,A143,A152,1,A172,2,A192,A201,1
43,43,4,A123,24,A143,A151,2,A173,1,A191,A201,1
44,44,4,A124,58,A142,A153,2,A172,1,A191,A201,2
45,45,4,A123,35,A143,A152,2,A174,1,A191,A201,1
46,46,4,A123,39,A143,A152,1,A173,1,A191,A201,1
47,47,2,A122,23,A143,A151,1,A171,1,A192,A201,1
48,48,4,A122,39,A143,A152,2,A172,1,A191,A201,1
49,49,2,A121,28,A143,A152,1,A173,1,A191,A201,1
50,50,2,A122,29,A141,A152,1,A172,1,A191,A201,1
51,51,2,A123,30,A143,A152,2,A174,1,A192,A201,1
52,52,2,A123,25,A143,A152,1,A173,1,A191,A201,1
53,53,1,A122,31,A143,A152,1,A173,1,A192,A201,1
54,54,4,A124,57,A141,A153,2,A173,1,A192,A201,2
55,55,2,A121,26,A142,A152,1,A172,2,A191,A201,1
56,56,1,A124,52,A143,A152,1,A174,1,A192,A201,2
57,57,2,A123,31,A142,A152,2,A173,1,A191,A201,1
58,58,2,A123,23,A143,A152,1,A174,1,A191,A201,1
59,59,4,A124,23,A143,A151,2,A172,1,A192,A201,2
60,60,1,A121,27,A141,A152,1,A173,1,A192,A201,1
61,61,4,A121,50,A143,A152,2,A173,1,A192,A201,1
62,62,4,A124,61,A143,A153,1,A174,1,A192,A201,2
63,63,2,A123,25,A143,A152,1,A173,1,A192,A201,2
64,64,4,A122,26,A143,A152,1,A173,1,A192,A201,1
65,65,4,A122,48,A143,A152,4,A173,2,A192,A201,1
66,66,2,A123,29,A141,A152,1,A173,1,A191,A201,1
67,67,1,A121,22,A143,A152,1,A173,1,A191,A201,1
68,68,4,A124,37,A142,A153,1,A173,1,A192,A201,2
69,69,4,A123,25,A143,A152,1,A173,1,A191,A201,1
70,70,2,A122,30,A141,A152,1,A173,1,A191,A201,1
71,71,2,A122,46,A143,A151,2,A172,1,A192,A201,1
72,72,4,A124,51,A141,A153,2,A174,2,A192,A201,1
73,73,1,A121,41,A141,A152,2,A172,1,A191,A201,1
74,74,4,A124,40,A143,A152,1,A174,1,A192,A201,2
75,75,4,A124,66,A143,A153,2,A174,1,A191,A201,1
76,76,3,A123,34,A143,A152,1,A173,1,A191,A201,2
77,77,4,A122,51,A143,A152,1,A173,1,A191,A201,1
78,78,2,A122,39,A143,A152,1,A172,2,A191,A201,1
79,79,1,A122,22,A143,A152,1,A173,1,A191,A201,1
80,80,1,A123,44,A143,A152,2,A173,1,A192,A201,2
81,81,3,A122,47,A142,A152,1,A173,1,A192,A201,1
82,82,4,A122,24,A143,A151,1,A172,1,A191,A201,1
83,83,4,A121,58,A143,A152,1,A172,1,A192,A201,1
84,84,4,A121,52,A143,A152,1,A172,1,A191,A201,1
85,85,2,A121,29,A143,A152,2,A174,1,A192,A201,1
86,86,1,A122,27,A143,A152,2,A173,1,A191,A201,1
87,87,4,A124,47,A143,A153,1,A173,2,A192,A201,2
88,88,3,A123,30,A143,A152,1,A174,2,A192,A201,1
89,89,3,A121,28,A143,A152,2,A173,1,A191,A201,2
90,90,4,A121,56,A143,A152,1,A173,1,A191,A201,1
91,91,3,A121,54,A143,A152,1,A173,1,A191,A201,1
92,92,3,A122,33,A141,A152,1,A172,2,A191,A201,2
93,93,4,A124,20,A143,A151,2,A173,1,A191,A201,1
94,94,4,A121,54,A143,A152,1,A173,1,A192,A201,1
95,95,4,A124,58,A143,A151,1,A173,1,A192,A201,2
96,96,2,A123,61,A143,A152,1,A173,1,A191,A201,1
97,97,4,A123,34,A143,A152,1,A173,1,A191,A201,1
98,98,4,A121,36,A143,A152,1,A173,1,A191,A201,1
99,99,4,A122,36,A141,A151,2,A174,2,A192,A201,1
100,100,4,A121,41,A143,A151,1,A172,1,A191,A201,1
101,101,4,A123,24,A143,A151,1,A173,1,A191,A201,1
102,102,2,A121,24,A143,A152,1,A173,1,A191,A201,1
103,103,3,A123,35,A143,A151,1,A173,1,A192,A201,1
104,104,4,A123,26,A143,A151,1,A173,1,A192,A201,1
105,105,3,A123,39,A143,A152,2,A174,2,A192,A201,2
106,106,4,A124,39,A141,A152,2,A174,2,A192,A201,2
107,107,2,A123,32,A143,A152,1,A173,1,A191,A201,1
108,108,2,A122,30,A143,A152,1,A173,1,A192,A202,1
109,109,2,A121,35,A143,A152,1,A173,1,A192,A201,1
110,110,2,A123,31,A141,A152,2,A173,2,A191,A201,1
111,111,4,A122,23,A143,A151,1,A173,1,A192,A201,1
112,112,3,A121,28,A143,A151,1,A172,1,A191,A201,1
113,113,2,A121,25,A142,A152,2,A173,1,A192,A201,2
114,114,1,A121,35,A143,A152,1,A173,1,A191,A201,1
115,115,1,A121,47,A143,A152,1,A173,1,A192,A201,1
116,116,3,A123,30,A143,A152,1,A174,1,A192,A201,2
117,117,3,A121,27,A143,A151,2,A173,1,A191,A202,1
118,118,4,A123,23,A143,A152,2,A173,1,A191,A201,2
119,119,3,A123,36,A143,A152,1,A174,1,A192,A201,1
120,120,2,A121,25,A143,A152,2,A173,1,A192,A201,2
121,121,2,A123,41,A143,A151,2,A174,1,A192,A201,1
122,122,2,A121,24,A143,A151,1,A172,1,A191,A201,1
123,123,4,A124,63,A143,A153,2,A173,1,A192,A201,1
124,124,3,A121,27,A143,A151,1,A173,1,A191,A201,2
125,125,2,A122,30,A143,A152,2,A173,1,A191,A201,1
126,126,2,A121,40,A143,A152,1,A172,1,A191,A201,1
127,127,2,A123,30,A143,A152,1,A173,1,A191,A201,2
128,128,2,A123,34,A143,A152,2,A174,1,A192,A201,1
129,129,2,A121,29,A143,A152,2,A173,1,A191,A201,2
130,130,2,A123,24,A143,A152,1,A173,1,A191,A201,1
131,131,3,A122,29,A142,A152,1,A173,1,A192,A201,2
132,132,3,A122,27,A141,A152,2,A172,1,A191,A201,1
133,133,4,A124,47,A141,A153,2,A173,1,A191,A201,1
134,134,4,A121,21,A143,A152,1,A173,1,A192,A201,1
135,135,2,A121,38,A143,A152,2,A173,1,A192,A201,1
136,136,2,A123,27,A143,A152,2,A173,1,A191,A201,1
137,137,3,A121,66,A143,A152,1,A172,1,A191,A201,2
138,138,2,A121,35,A141,A152,3,A173,1,A192,A201,1
139,139,2,A123,44,A143,A151,1,A172,1,A192,A201,1
140,140,2,A121,27,A143,A152,1,A171,1,A191,A202,1
141,141,1,A124,30,A143,A152,1,A174,1,A192,A201,1
142,142,2,A123,27,A143,A152,1,A174,1,A191,A201,1
143,143,2,A123,22,A143,A152,1,A173,1,A191,A201,2
144,144,4,A122,23,A143,A152,1,A173,1,A192,A201,1
145,145,2,A123,30,A143,A152,1,A173,1,A191,A201,1
146,146,4,A124,39,A143,A152,2,A173,1,A192,A201,1
147,147,3,A123,51,A143,A152,2,A173,1,A192,A201,1
148,148,2,A122,28,A143,A152,2,A173,1,A191,A201,1
149,149,4,A123,46,A143,A152,2,A173,1,A191,A201,1
150,150,4,A124,42,A141,A153,1,A173,2,A192,A201,1
151,151,4,A122,38,A143,A152,1,A173,1,A192,A202,1
152,152,1,A123,24,A143,A152,1,A173,1,A191,A201,1
153,153,4,A124,29,A143,A151,1,A173,1,A191,A201,1
154,154,4,A123,36,A143,A151,1,A174,1,A192,A201,1
155,155,4,A123,20,A143,A151,1,A173,1,A191,A201,2
156,156,4,A121,48,A143,A152,2,A173,2,A191,A202,1
157,157,1,A123,45,A141,A152,1,A172,1,A191,A201,1
158,158,3,A123,38,A141,A152,2,A173,1,A192,A201,1
159,159,2,A121,34,A143,A152,2,A172,2,A191,A201,1
160,160,4,A121,36,A143,A152,1,A173,2,A192,A201,1
161,161,1,A122,30,A143,A152,2,A173,1,A191,A201,1
162,162,3,A122,36,A143,A152,2,A173,1,A192,A201,1
163,163,4,A124,70,A141,A153,1,A174,1,A192,A201,1
164,164,4,A122,36,A143,A152,1,A173,1,A191,A201,1
165,165,2,A123,32,A143,A152,1,A173,1,A192,A201,1
166,166,2,A123,33,A143,A152,1,A173,1,A191,A201,2
167,167,1,A121,20,A143,A152,1,A173,1,A191,A201,1
168,168,4,A122,25,A143,A151,1,A173,1,A192,A201,1
169,169,4,A121,31,A143,A152,2,A173,1,A192,A201,2
170,170,3,A123,33,A143,A151,2,A173,2,A191,A201,2
171,171,1,A121,26,A143,A152,1,A173,1,A192,A201,1
172,172,2,A122,34,A143,A152,1,A174,1,A192,A201,2
173,173,2,A121,33,A143,A152,1,A173,1,A191,A202,1
174,174,1,A122,26,A143,A152,2,A173,1,A191,A201,2
175,175,1,A121,53,A141,A152,1,A174,1,A192,A201,2
176,176,1,A123,42,A143,A152,1,A173,1,A191,A201,1
177,177,4,A123,52,A143,A152,2,A173,1,A191,A201,1
178,178,2,A123,31,A143,A151,2,A174,2,A192,A201,1
179,179,4,A121,65,A143,A152,2,A173,1,A191,A201,1
180,180,1,A123,28,A143,A152,2,A173,1,A191,A201,2
181,181,2,A121,30,A142,A152,2,A174,1,A192,A201,2
182,182,2,A122,40,A143,A152,2,A172,2,A191,A201,2
183,183,4,A121,50,A143,A152,1,A173,1,A192,A201,1
184,184,4,A123,36,A141,A152,1,A173,2,A192,A201,2
185,185,2,A122,31,A143,A152,2,A173,1,A191,A201,1
186,186,4,A124,74,A141,A153,1,A174,2,A192,A201,2
187,187,3,A123,68,A143,A153,3,A171,1,A192,A201,1
188,188,1,A122,20,A143,A152,1,A173,1,A191,A201,2
189,189,4,A123,33,A141,A152,2,A173,1,A192,A201,1
190,190,3,A122,54,A143,A152,3,A174,1,A192,A201,2
191,191,4,A124,34,A143,A153,1,A172,2,A191,A201,2
192,192,2,A123,36,A143,A152,1,A173,2,A192,A201,2
193,193,2,A121,29,A143,A151,1,A173,1,A191,A201,1
194,194,4,A122,21,A143,A151,1,A173,1,A191,A201,2
195,195,3,A123,34,A143,A152,2,A174,1,A192,A201,2
196,196,1,A123,28,A143,A152,2,A173,1,A192,A201,1
197,197,4,A123,27,A141,A151,4,A173,1,A191,A201,2
198,198,4,A124,36,A141,A153,1,A173,1,A192,A201,1
199,199,3,A124,40,A143,A152,1,A174,1,A192,A201,2
200,200,2,A123,52,A143,A152,2,A173,1,A192,A201,1
201,201,3,A121,27,A143,A152,1,A172,1,A191,A201,1
202,202,4,A123,26,A143,A152,2,A173,1,A191,A201,1
203,203,4,A122,21,A143,A151,1,A173,1,A191,A201,2
204,204,1,A121,38,A143,A152,2,A172,2,A191,A201,1
205,205,4,A124,38,A143,A153,3,A174,2,A192,A201,1
206,206,4,A121,43,A143,A152,3,A173,1,A192,A201,1
207,207,3,A122,26,A143,A152,1,A173,1,A191,A201,1
208,208,2,A123,21,A142,A152,1,A172,1,A191,A201,1
209,209,2,A122,55,A143,A152,1,A173,1,A191,A202,1
210,210,2,A121,33,A143,A152,2,A173,2,A191,A201,1
211,211,4,A121,45,A143,A152,1,A172,1,A192,A201,1
212,212,4,A122,50,A142,A152,2,A173,1,A192,A201,2
213,213,4,A121,66,A143,A152,1,A174,1,A192,A201,2
214,214,2,A123,51,A143,A152,1,A173,1,A192,A201,1
215,215,3,A122,39,A143,A152,2,A172,1,A191,A201,1
216,216,1,A122,31,A141,A152,1,A173,1,A192,A201,1
217,217,2,A121,23,A143,A152,1,A173,1,A192,A201,1
218,218,2,A121,24,A143,A151,1,A172,1,A191,A201,1
219,219,4,A123,64,A143,A152,1,A173,1,A192,A201,1
220,220,1,A121,26,A141,A152,1,A172,1,A191,A201,1
221,221,4,A122,23,A141,A151,1,A173,1,A192,A201,1
222,222,2,A121,30,A141,A152,2,A173,1,A191,A201,1
223,223,4,A121,32,A143,A152,2,A173,2,A192,A201,1
224,224,2,A123,30,A143,A152,1,A173,1,A192,A201,1
225,225,2,A123,27,A143,A152,2,A173,1,A191,A201,1
226,226,2,A124,27,A141,A152,2,A173,1,A192,A201,2
227,227,4,A124,53,A143,A153,1,A174,1,A192,A201,2
228,228,2,A123,22,A143,A152,1,A173,1,A191,A201,2
229,229,1,A124,22,A141,A153,1,A173,1,A191,A201,1
230,230,2,A123,26,A143,A152,1,A173,1,A191,A201,2
231,231,4,A124,51,A143,A153,1,A172,1,A191,A201,1
232,232,1,A124,35,A143,A152,1,A173,1,A191,A201,1
233,233,2,A121,25,A143,A152,1,A172,1,A191,A201,1
234,234,1,A121,42,A143,A152,3,A172,2,A191,A201,1
235,235,2,A123,30,A142,A152,1,A174,2,A191,A201,2
236,236,2,A122,23,A143,A152,1,A171,1,A192,A201,2
237,237,2,A123,61,A141,A151,2,A172,1,A191,A201,2
238,238,2,A122,35,A143,A152,2,A173,1,A191,A201,1
239,239,3,A122,39,A143,A152,1,A173,2,A191,A201,1
240,240,2,A123,29,A141,A152,1,A173,1,A191,A201,2
241,241,2,A122,51,A143,A152,1,A173,2,A191,A201,1
242,242,4,A124,24,A143,A153,2,A173,2,A191,A201,2
243,243,2,A121,27,A143,A152,2,A173,1,A191,A201,1
244,244,3,A121,35,A143,A152,1,A172,2,A191,A201,1
245,245,1,A121,25,A143,A152,1,A173,1,A192,A201,1
246,246,4,A121,52,A143,A152,3,A173,1,A191,A201,1
247,247,1,A124,35,A141,A151,1,A173,1,A191,A202,1
248,248,2,A121,26,A143,A152,1,A173,1,A191,A201,1
249,249,4,A121,22,A143,A151,1,A173,1,A191,A201,2
250,250,4,A121,39,A143,A152,2,A172,1,A192,A201,1
251,251,2,A123,46,A143,A152,1,A172,1,A191,A201,1
252,252,2,A124,24,A141,A152,1,A173,1,A191,A201,2
253,253,3,A122,35,A143,A152,2,A173,1,A191,A201,1
254,254,1,A123,24,A143,A152,1,A173,1,A192,A201,1
255,255,1,A121,27,A143,A152,1,A172,1,A191,A201,1
256,256,2,A121,35,A143,A152,2,A172,1,A191,A201,1
257,257,1,A124,29,A143,A153,1,A173,1,A191,A201,2
258,258,4,A123,23,A143,A152,1,A173,1,A192,A201,1
259,259,4,A121,57,A143,A152,3,A172,1,A191,A201,1
260,260,2,A121,27,A143,A152,1,A173,1,A191,A201,1
261,261,4,A123,55,A143,A152,1,A173,1,A191,A201,1
262,262,4,A124,36,A143,A153,3,A174,1,A192,A201,1
263,263,4,A124,57,A141,A153,3,A172,1,A191,A201,1
264,264,4,A121,32,A143,A152,2,A172,2,A191,A202,1
265,265,3,A123,37,A143,A152,1,A173,2,A191,A201,2
266,266,4,A121,36,A143,A152,2,A173,1,A191,A201,1
267,267,3,A123,38,A142,A152,1,A173,1,A192,A201,1
268,268,4,A122,45,A143,A152,1,A174,1,A192,A202,2
269,269,2,A123,25,A143,A152,2,A173,1,A191,A201,1
270,270,3,A122,32,A143,A152,1,A173,1,A191,A202,1
271,271,4,A123,37,A143,A151,1,A173,1,A192,A201,1
272,272,4,A124,36,A143,A153,1,A174,1,A192,A201,1
273,273,4,A121,28,A143,A152,2,A173,1,A191,A201,2
274,274,1,A124,34,A143,A152,1,A172,1,A192,A201,2
275,275,2,A121,32,A143,A152,1,A173,2,A191,A201,1
276,276,2,A123,26,A143,A152,2,A173,1,A191,A201,1
277,277,4,A122,49,A143,A152,1,A172,1,A192,A201,1
278,278,4,A122,32,A143,A152,1,A173,1,A191,A201,2
279,279,4,A123,29,A143,A151,1,A174,1,A192,A201,1
280,280,4,A124,23,A143,A151,2,A173,1,A192,A201,1
281,281,2,A121,50,A143,A152,1,A173,1,A191,A201,1
282,282,4,A123,49,A141,A152,1,A172,1,A191,A201,1
283,283,4,A122,63,A143,A152,1,A173,1,A191,A201,1
284,284,2,A123,37,A143,A152,1,A173,1,A192,A201,1
285,285,1,A121,35,A143,A152,1,A172,1,A192,A201,1
286,286,3,A122,26,A143,A152,1,A173,2,A191,A201,1
287,287,4,A124,31,A143,A153,1,A174,1,A192,A201,1
288,288,4,A121,49,A143,A152,2,A173,1,A192,A201,1
289,289,4,A121,48,A142,A152,1,A173,1,A191,A201,2
290,290,2,A121,26,A143,A152,1,A173,1,A192,A202,1
291,291,4,A123,28,A143,A151,1,A174,1,A192,A201,2
292,292,4,A124,44,A143,A153,2,A174,2,A192,A201,1
293,293,4,A124,56,A143,A153,1,A173,1,A191,A201,1
294,294,2,A123,46,A141,A152,2,A174,2,A191,A201,1
295,295,2,A123,26,A143,A152,1,A173,1,A192,A201,2
296,296,4,A123,20,A143,A151,1,A173,1,A191,A201,1
297,297,2,A122,45,A143,A152,1,A172,1,A191,A202,1
298,298,4,A121,43,A143,A152,1,A173,1,A192,A201,1
299,299,2,A123,32,A143,A152,2,A173,1,A192,A201,1
300,300,4,A121,54,A143,A152,1,A171,1,A192,A201,1
301,301,1,A123,42,A143,A152,1,A173,1,A192,A201,2
302,302,2,A121,37,A141,A152,2,A172,2,A191,A201,2
303,303,3,A122,49,A143,A152,2,A173,1,A192,A201,1
304,304,2,A124,44,A141,A153,1,A173,1,A191,A201,2
305,305,2,A121,33,A143,A152,1,A173,1,A191,A201,1
306,306,4,A122,24,A142,A151,1,A172,1,A191,A201,1
307,307,3,A124,33,A143,A152,1,A172,1,A192,A201,2
308,308,4,A121,24,A143,A152,1,A173,1,A191,A201,2
309,309,4,A121,22,A143,A151,1,A172,1,A191,A201,1
310,310,4,A124,40,A141,A153,1,A171,1,A192,A201,1
311,311,1,A123,25,A142,A152,1,A173,1,A191,A201,1
312,312,4,A123,26,A143,A152,1,A173,1,A191,A201,1
313,313,3,A123,25,A141,A152,1,A172,1,A191,A201,2
314,314,2,A121,29,A143,A152,1,A172,2,A191,A202,1
315,315,4,A123,31,A141,A152,1,A173,1,A191,A201,2
316,316,3,A122,38,A143,A152,1,A172,2,A191,A201,1
317,317,4,A122,48,A143,A152,1,A172,1,A192,A201,1
318,318,2,A123,32,A143,A152,2,A173,1,A191,A201,1
319,319,4,A122,27,A143,A152,2,A172,1,A191,A201,1
320,320,2,A123,28,A143,A152,2,A174,1,A191,A201,2
321,321,3,A122,32,A143,A152,1,A173,1,A191,A201,2
322,322,1,A124,34,A143,A153,1,A174,1,A192,A201,1
323,323,2,A123,28,A143,A152,1,A173,1,A191,A201,1
324,324,3,A121,36,A143,A152,2,A173,1,A191,A201,1
325,325,4,A121,39,A143,A152,2,A172,1,A191,A202,1
326,326,4,A122,49,A143,A151,1,A173,1,A192,A201,1
327,327,3,A123,34,A143,A152,1,A173,2,A192,A201,1
328,328,2,A123,31,A143,A152,1,A173,1,A191,A201,1
329,329,4,A123,28,A143,A152,1,A173,2,A191,A201,1
330,330,4,A124,75,A143,A153,2,A174,1,A192,A201,1
331,331,2,A121,30,A143,A152,2,A173,1,A191,A201,2
332,332,2,A122,24,A143,A152,1,A174,1,A191,A201,2
333,333,4,A123,24,A141,A151,2,A172,1,A191,A201,2
334,334,4,A124,23,A141,A151,2,A173,2,A191,A201,2
335,335,4,A121,44,A143,A151,1,A174,1,A192,A201,2
336,336,4,A122,23,A143,A152,1,A172,1,A191,A201,1
337,337,2,A123,24,A143,A151,1,A173,1,A191,A201,2
338,338,4,A122,28,A143,A152,1,A173,1,A191,A201,1
339,339,2,A123,31,A143,A152,1,A172,1,A191,A201,1
340,340,4,A124,24,A143,A153,2,A173,1,A192,A201,1
341,341,4,A123,26,A143,A151,1,A172,1,A191,A201,1
342,342,3,A121,25,A143,A151,1,A173,1,A191,A201,1
343,343,1,A121,33,A141,A152,1,A174,1,A192,A201,1
344,344,1,A122,37,A143,A152,1,A172,2,A191,A201,1
345,345,2,A123,43,A143,A152,1,A172,1,A191,A201,1
346,346,4,A121,23,A143,A152,2,A173,1,A191,A201,1
347,347,4,A124,23,A143,A151,1,A171,1,A191,A201,1
348,348,2,A121,34,A143,A152,2,A172,1,A191,A201,1
349,349,3,A124,32,A143,A153,2,A173,2,A191,A201,2
350,350,4,A121,23,A143,A151,1,A173,1,A192,A201,1
351,351,2,A123,29,A143,A152,1,A173,1,A191,A202,2
352,352,4,A124,38,A143,A152,1,A174,1,A192,A201,1
353,353,2,A122,28,A143,A151,2,A173,1,A192,A201,2
354,354,4,A124,46,A143,A153,1,A173,1,A192,A201,1
355,355,2,A121,23,A142,A152,1,A172,1,A191,A201,2
356,356,4,A121,49,A143,A152,1,A173,1,A192,A201,1
357,357,2,A123,26,A143,A152,2,A174,1,A192,A201,2
358,358,2,A121,28,A143,A152,1,A173,1,A191,A201,1
359,359,4,A121,23,A143,A151,1,A173,1,A191,A201,2
360,360,4,A124,61,A143,A153,1,A173,1,A191,A201,1
361,361,3,A123,37,A143,A152,1,A174,1,A191,A201,1
362,362,2,A123,36,A142,A152,2,A173,1,A192,A201,1
363,363,2,A122,21,A143,A151,1,A173,1,A191,A201,1
364,364,1,A123,25,A143,A152,1,A171,1,A191,A201,2
365,365,4,A123,36,A143,A152,1,A173,1,A192,A201,1
366,366,1,A123,27,A143,A152,2,A173,1,A191,A201,1
367,367,4,A123,22,A143,A151,1,A173,1,A191,A201,1
368,368,2,A123,42,A143,A152,1,A173,2,A191,A201,2
369,369,4,A121,40,A143,A151,1,A173,1,A191,A201,1
370,370,4,A121,36,A143,A152,1,A173,1,A191,A201,1
371,371,4,A123,33,A143,A152,2,A173,1,A192,A201,1
372,372,3,A121,23,A143,A151,2,A173,1,A191,A201,1
373,373,4,A124,63,A141,A153,1,A174,1,A192,A201,1
374,374,4,A124,60,A141,A153,2,A174,1,A192,A201,2
375,375,4,A123,37,A143,A151,1,A173,1,A191,A201,2
376,376,3,A121,34,A143,A152,2,A173,1,A191,A201,1
377,377,4,A124,36,A143,A153,1,A173,1,A191,A201,1
378,378,2,A124,57,A143,A153,1,A174,1,A192,A201,2
379,379,4,A123,52,A143,A152,2,A172,1,A191,A201,1
380,380,4,A123,39,A143,A152,1,A173,1,A192,A201,1
381,381,4,A124,38,A143,A153,1,A174,1,A192,A201,2
382,382,4,A122,25,A143,A151,1,A173,1,A191,A201,1
383,383,1,A121,26,A143,A152,1,A173,1,A191,A201,1
384,384,2,A122,26,A143,A152,2,A172,1,A191,A201,1
385,385,1,A123,25,A143,A152,2,A173,1,A191,A201,1
386,386,2,A121,21,A143,A151,1,A173,1,A192,A201,1
387,387,4,A122,40,A142,A152,2,A174,1,A192,A201,1
388,388,4,A123,27,A141,A152,1,A173,1,A191,A201,1
389,389,2,A123,27,A143,A152,2,A173,1,A191,A201,1
390,390,2,A122,30,A143,A152,1,A174,1,A192,A201,1
391,391,4,A121,19,A143,A151,1,A172,1,A191,A201,1
392,392,4,A124,39,A141,A153,1,A174,2,A192,A201,1
393,393,4,A123,31,A143,A152,1,A173,1,A191,A201,1
394,394,3,A123,31,A143,A152,1,A174,1,A191,A201,1
395,395,3,A124,32,A143,A151,1,A173,1,A192,A201,1
396,396,4,A124,55,A143,A153,1,A174,1,A191,A201,1
397,397,2,A122,46,A143,A152,2,A173,1,A192,A201,1
398,398,1,A121,46,A143,A151,2,A173,1,A191,A201,2
399,399,1,A121,43,A143,A152,2,A172,1,A191,A201,1
400,400,4,A121,39,A143,A152,1,A173,1,A192,A201,1
401,401,4,A121,28,A141,A152,2,A173,1,A191,A201,1
402,402,2,A123,27,A141,A152,2,A173,1,A192,A201,2
403,403,2,A123,27,A143,A152,2,A172,1,A191,A201,1
404,404,4,A123,43,A143,A152,1,A173,2,A191,A201,1
405,405,1,A122,22,A143,A152,1,A173,1,A192,A201,2
406,406,4,A123,43,A143,A152,2,A173,2,A192,A201,1
407,407,2,A121,27,A143,A152,1,A173,1,A191,A202,1
408,408,2,A123,26,A143,A152,1,A174,1,A192,A201,1
409,409,2,A121,28,A143,A152,3,A173,1,A192,A201,2
410,410,4,A123,20,A143,A152,1,A173,1,A192,A201,1
411,411,2,A123,35,A143,A152,2,A174,1,A192,A201,1
412,412,2,A123,42,A142,A152,2,A174,1,A192,A201,2
413,413,2,A124,40,A143,A151,1,A172,2,A191,A202,1
414,414,2,A122,35,A143,A152,1,A173,1,A191,A201,2
415,415,2,A122,35,A143,A152,2,A173,2,A192,A201,1
416,416,1,A121,33,A143,A152,1,A172,2,A191,A201,2
417,417,2,A123,23,A143,A151,2,A173,1,A192,A201,1
418,418,2,A123,31,A141,A152,1,A174,1,A191,A201,1
419,419,2,A122,33,A143,A152,1,A173,1,A191,A201,2
420,420,3,A123,20,A143,A151,1,A173,1,A191,A201,1
421,421,2,A123,30,A143,A152,1,A173,1,A191,A201,1
422,422,3,A121,47,A143,A152,2,A172,2,A191,A201,1
423,423,3,A121,34,A143,A152,2,A174,1,A191,A201,1
424,424,2,A122,25,A141,A152,1,A173,1,A192,A201,2
425,425,3,A123,21,A143,A151,1,A173,1,A192,A201,1
426,426,2,A123,29,A143,A152,2,A173,1,A191,A201,1
427,427,3,A121,46,A143,A152,2,A173,1,A191,A201,1
428,428,4,A123,20,A143,A152,1,A173,1,A191,A201,1
429,429,4,A124,55,A143,A153,3,A171,2,A191,A201,2
430,430,4,A121,74,A143,A152,1,A172,1,A191,A201,1
431,431,3,A123,29,A141,A152,2,A174,1,A192,A201,2
432,432,4,A124,36,A143,A153,3,A174,1,A192,A201,1
433,433,2,A121,33,A143,A152,2,A173,1,A192,A201,1
434,434,2,A121,25,A143,A152,1,A173,1,A191,A201,1
435,435,1,A121,25,A143,A152,1,A173,1,A192,A201,2
436,436,4,A121,23,A143,A151,1,A172,1,A191,A201,1
437,437,4,A121,37,A143,A152,2,A173,1,A192,A201,1
438,438,4,A123,65,A143,A152,2,A171,1,A191,A201,1
439,439,1,A121,26,A143,A152,1,A171,1,A191,A201,2
440,440,4,A123,39,A143,A152,1,A174,1,A192,A201,1
441,441,3,A122,30,A143,A152,1,A173,1,A191,A201,1
442,442,3,A123,29,A141,A152,2,A173,1,A192,A201,1
443,443,4,A123,41,A141,A152,1,A172,2,A191,A201,2
444,444,3,A123,30,A143,A152,1,A174,1,A192,A201,2
445,445,4,A122,41,A143,A151,2,A172,1,A191,A201,1
446,446,4,A123,34,A143,A152,1,A173,1,A192,A201,2
447,447,2,A121,35,A143,A152,1,A173,1,A191,A201,1
448,448,4,A121,55,A143,A152,1,A174,1,A192,A201,1
449,449,3,A122,61,A142,A152,2,A173,1,A191,A201,2
450,450,2,A123,30,A143,A152,1,A174,1,A192,A201,1
451,451,1,A121,29,A143,A152,1,A173,1,A191,A201,1
452,452,4,A122,34,A143,A152,2,A173,1,A191,A201,1
453,453,4,A123,35,A143,A152,1,A174,1,A192,A201,1
454,454,3,A122,31,A143,A152,1,A173,1,A192,A201,2
455,455,1,A124,29,A143,A152,1,A174,1,A192,A201,1
456,456,2,A121,36,A143,A151,2,A173,2,A191,A201,1
457,457,4,A124,35,A143,A153,1,A173,1,A192,A201,2
458,458,1,A121,27,A143,A152,1,A173,1,A191,A201,1
459,459,2,A123,32,A143,A152,1,A173,1,A192,A201,1
460,460,2,A122,37,A143,A152,1,A173,2,A191,A201,1
461,461,3,A121,36,A143,A152,1,A173,1,A191,A201,1
462,462,1,A121,34,A143,A151,1,A174,1,A191,A201,1
463,463,4,A122,38,A143,A152,2,A173,1,A191,A201,1
464,464,1,A123,34,A142,A152,2,A173,1,A192,A201,1
465,465,4,A124,63,A141,A152,1,A173,2,A192,A201,1
466,466,2,A123,29,A143,A151,1,A172,1,A192,A201,2
467,467,3,A123,32,A141,A152,2,A173,2,A191,A201,1
468,468,2,A123,26,A143,A152,2,A173,1,A192,A201,1
469,469,3,A123,35,A143,A152,2,A172,1,A192,A201,1
470,470,2,A123,22,A143,A151,1,A173,1,A192,A201,2
471,471,4,A122,23,A143,A152,1,A173,1,A191,A201,2
472,472,3,A123,28,A143,A152,1,A172,1,A191,A201,2
473,473,4,A122,36,A143,A152,1,A174,2,A192,A201,1
474,474,2,A123,33,A143,A152,1,A173,1,A191,A201,2
475,475,4,A122,26,A143,A151,1,A173,1,A191,A201,2
476,476,4,A123,24,A143,A152,1,A173,1,A191,A201,1
477,477,2,A123,25,A141,A152,1,A173,1,A191,A201,1
478,478,4,A121,39,A143,A152,1,A172,1,A191,A201,1
479,479,4,A123,44,A143,A152,2,A173,2,A192,A201,1
480,480,1,A121,23,A143,A152,1,A172,1,A191,A201,1
481,481,1,A122,26,A143,A152,1,A173,1,A191,A201,1
482,482,4,A122,57,A143,A151,2,A173,1,A192,A201,1
483,483,2,A122,30,A143,A152,2,A173,1,A191,A201,1
484,484,4,A121,44,A143,A152,1,A173,1,A192,A201,1
485,485,4,A122,47,A143,A152,1,A174,1,A192,A201,2
486,486,4,A123,52,A143,A152,1,A173,1,A192,A201,1
487,487,4,A124,62,A143,A153,1,A173,1,A192,A201,1
488,488,2,A121,35,A143,A151,1,A172,1,A191,A202,1
489,489,3,A122,26,A143,A151,1,A173,1,A191,A201,1
490,490,2,A124,26,A143,A152,2,A173,1,A191,A201,1
491,491,4,A124,42,A143,A153,2,A174,1,A192,A201,2
492,492,1,A122,27,A143,A152,2,A173,1,A191,A201,1
493,493,4,A122,38,A143,A152,1,A173,1,A191,A201,1
494,494,2,A121,39,A143,A151,2,A172,2,A191,A202,1
495,495,4,A123,20,A143,A152,1,A173,1,A191,A201,2
496,496,1,A124,29,A143,A151,1,A174,1,A192,A201,2
497,497,3,A122,40,A143,A152,2,A173,1,A191,A201,1
498,498,2,A121,32,A143,A152,1,A172,1,A191,A201,1
499,499,4,A123,28,A143,A152,2,A173,2,A192,A201,1
500,500,1,A122,27,A143,A152,1,A173,1,A191,A201,2
501,501,4,A124,42,A143,A153,1,A173,2,A191,A201,1
502,502,4,A121,49,A143,A152,1,A173,1,A191,A201,1
503,503,4,A124,38,A141,A152,2,A173,2,A191,A201,2
504,504,4,A122,24,A143,A151,1,A173,1,A191,A201,2
505,505,4,A122,27,A143,A152,1,A172,1,A191,A201,2
506,506,2,A123,36,A143,A152,1,A173,1,A192,A201,1
507,507,2,A122,34,A143,A152,1,A174,2,A192,A201,2
508,508,2,A122,28,A143,A152,1,A173,1,A191,A201,1
509,509,2,A123,45,A143,A152,1,A174,1,A192,A201,1
510,510,2,A121,26,A143,A152,1,A173,1,A191,A201,2
511,511,2,A124,32,A143,A153,1,A174,1,A192,A201,1
512,512,4,A122,26,A143,A151,1,A173,1,A192,A201,1
513,513,4,A121,20,A143,A151,2,A173,1,A191,A201,1
514,514,1,A122,54,A143,A152,1,A173,1,A191,A201,1
515,515,3,A122,37,A143,A152,2,A173,1,A191,A202,1
516,516,4,A121,40,A143,A152,1,A172,2,A191,A202,1
517,517,4,A122,23,A143,A151,2,A173,1,A192,A201,2
518,518,2,A122,43,A143,A152,1,A173,1,A192,A201,1
519,519,4,A124,36,A143,A153,2,A173,1,A191,A201,1
520,520,4,A124,44,A143,A153,2,A173,1,A191,A201,1
521,521,2,A121,24,A143,A152,1,A173,1,A191,A201,2
522,522,4,A124,53,A143,A153,2,A173,2,A191,A201,2
523,523,4,A123,23,A143,A152,1,A173,1,A191,A201,1
524,524,4,A121,26,A143,A152,1,A172,2,A191,A201,1
525,525,3,A123,30,A143,A152,2,A173,1,A191,A201,1
526,526,3,A123,31,A143,A152,1,A173,1,A191,A201,1
527,527,1,A121,42,A143,A152,2,A172,2,A191,A201,1
528,528,4,A123,31,A143,A151,1,A173,1,A191,A201,2
529,529,4,A121,41,A143,A152,1,A172,2,A192,A201,1
530,530,1,A123,32,A143,A152,2,A173,2,A191,A201,1
531,531,4,A123,28,A143,A151,2,A173,1,A192,A201,2
532,532,4,A121,41,A143,A151,1,A173,1,A191,A201,1
533,533,3,A122,26,A143,A152,1,A173,1,A192,A201,1
534,534,2,A123,25,A143,A152,2,A173,1,A191,A201,1
535,535,1,A123,33,A143,A151,1,A173,1,A191,A201,2
536,536,3,A122,75,A143,A152,1,A174,1,A192,A201,1
537,537,4,A122,37,A143,A152,1,A173,1,A192,A201,1
538,538,4,A124,42,A141,A153,1,A174,1,A191,A201,2
539,539,1,A122,45,A142,A152,1,A172,1,A191,A201,1
540,540,1,A121,23,A143,A151,1,A173,1,A191,A201,2
541,541,4,A124,60,A143,A153,2,A173,1,A192,A201,1
542,542,4,A122,31,A143,A152,1,A173,1,A191,A201,2
543,543,1,A121,34,A143,A152,1,A172,2,A191,A201,2
544,544,4,A121,61,A143,A152,2,A172,1,A191,A201,1
545,545,2,A121,43,A143,A153,2,A173,2,A191,A201,2
546,546,4,A123,37,A143,A152,1,A173,1,A192,A201,1
547,547,1,A123,32,A141,A152,1,A173,2,A191,A201,1
548,548,4,A121,24,A141,A152,1,A172,1,A191,A201,2
549,549,1,A124,35,A143,A153,2,A173,1,A192,A201,1
550,550,4,A121,23,A143,A152,2,A173,1,A191,A201,1
551,551,4,A122,45,A141,A152,1,A172,2,A191,A201,1
552,552,1,A121,34,A143,A152,2,A173,1,A192,A201,2
553,553,1,A123,27,A143,A152,1,A173,1,A191,A201,1
554,554,4,A122,67,A143,A152,2,A174,1,A192,A201,1
555,555,1,A123,22,A142,A152,1,A173,1,A191,A201,2
556,556,3,A123,28,A143,A152,2,A173,1,A191,A201,2
557,557,4,A122,29,A141,A152,2,A173,1,A192,A201,2
558,558,4,A123,27,A141,A152,1,A173,1,A191,A201,2
559,559,2,A121,31,A143,A152,2,A172,1,A191,A201,2
560,560,4,A124,49,A141,A153,1,A173,2,A192,A201,1
561,561,4,A123,24,A141,A151,1,A172,1,A191,A201,2
562,562,1,A122,29,A141,A152,1,A173,1,A191,A201,1
563,563,4,A124,37,A143,A153,1,A173,1,A192,A201,2
564,564,2,A122,37,A141,A152,2,A174,1,A192,A201,1
565,565,2,A122,23,A143,A151,2,A173,1,A192,A201,1
566,566,3,A123,36,A143,A152,1,A173,1,A191,A201,2
567,567,2,A123,34,A143,A152,1,A173,1,A191,A201,1
568,568,1,A123,41,A143,A152,2,A173,2,A192,A201,1
569,569,2,A123,31,A143,A152,1,A173,1,A192,A201,2
570,570,4,A121,23,A143,A151,1,A172,1,A192,A201,2
571,571,2,A123,38,A143,A152,1,A173,1,A191,A201,1
572,572,4,A122,26,A143,A151,1,A174,1,A192,A201,1
573,573,4,A122,22,A143,A152,1,A172,1,A191,A201,1
574,574,4,A123,27,A143,A152,2,A172,1,A191,A201,1
575,575,3,A123,24,A141,A152,2,A173,1,A191,A201,1
576,576,1,A121,27,A143,A152,1,A173,1,A191,A201,1
577,577,2,A123,33,A143,A152,2,A173,1,A192,A201,1
578,578,4,A123,27,A143,A152,2,A173,1,A191,A201,2
579,579,3,A123,27,A143,A152,2,A172,1,A191,A201,1
580,580,3,A121,30,A141,A152,2,A173,1,A191,A201,2
581,581,3,A121,49,A141,A152,2,A172,2,A191,A201,1
582,582,2,A121,26,A143,A151,1,A173,1,A191,A201,1
583,583,1,A124,33,A143,A151,1,A172,1,A191,A201,2
584,584,4,A124,52,A143,A153,1,A174,1,A192,A201,1
585,585,4,A121,20,A141,A151,1,A173,1,A191,A201,2
586,586,2,A121,36,A143,A151,2,A173,2,A191,A201,1
587,587,1,A122,21,A143,A152,1,A172,1,A191,A201,1
588,588,3,A121,47,A143,A152,1,A172,1,A192,A201,2
589,589,3,A122,60,A143,A152,2,A173,1,A191,A201,2
590,590,3,A121,58,A143,A152,4,A172,1,A192,A201,1
591,591,4,A123,42,A143,A151,2,A173,1,A192,A201,1
592,592,4,A121,36,A141,A152,1,A172,1,A191,A201,1
593,593,4,A122,20,A143,A151,1,A172,1,A192,A201,2
594,594,3,A123,40,A142,A152,1,A174,1,A192,A201,2
595,595,1,A122,32,A142,A152,1,A172,1,A191,A201,2
596,596,4,A123,23,A143,A151,2,A173,1,A191,A201,2
597,597,4,A121,36,A143,A152,3,A172,1,A192,A201,2
598,598,2,A122,31,A141,A152,2,A173,1,A191,A201,2
599,599,2,A124,32,A143,A153,1,A173,1,A191,A201,1
600,600,1,A121,45,A143,A152,1,A173,1,A191,A201,1
601,601,1,A122,30,A143,A152,1,A173,1,A191,A201,2
602,602,4,A124,34,A141,A153,1,A172,1,A191,A201,2
603,603,2,A123,28,A143,A152,1,A174,1,A192,A201,2
604,604,2,A122,23,A143,A152,1,A173,1,A191,A201,1
605,605,4,A121,22,A142,A152,1,A173,1,A192,A201,1
606,606,2,A121,74,A143,A152,1,A174,1,A192,A201,1
607,607,4,A124,50,A143,A153,1,A173,1,A191,A201,2
608,608,1,A121,33,A143,A152,1,A173,1,A191,A201,1
609,609,4,A124,45,A141,A153,1,A173,2,A191,A201,1
610,610,3,A122,22,A143,A152,1,A173,1,A191,A201,2
611,611,4,A124,48,A143,A153,1,A172,2,A191,A201,2
612,612,2,A123,29,A141,A152,1,A173,1,A191,A201,1
613,613,4,A123,22,A141,A151,1,A173,1,A191,A202,1
614,614,1,A121,22,A143,A152,1,A173,1,A191,A201,2
615,615,2,A123,48,A141,A152,1,A174,1,A192,A201,1
616,616,2,A124,27,A143,A153,1,A174,1,A191,A201,1
617,617,3,A121,37,A143,A151,3,A173,2,A191,A201,1
618,618,4,A123,21,A143,A151,1,A173,1,A191,A201,2
619,619,2,A121,49,A143,A152,1,A172,1,A191,A201,1
620,620,3,A122,27,A143,A152,2,A173,1,A191,A201,1
621,621,2,A122,32,A141,A152,2,A173,1,A191,A201,2
622,622,2,A121,38,A141,A152,1,A173,1,A191,A201,2
623,623,1,A123,22,A143,A151,1,A173,1,A191,A201,1
624,624,4,A124,65,A143,A153,2,A173,1,A191,A201,2
625,625,2,A123,35,A143,A152,1,A173,1,A191,A201,1
626,626,2,A121,41,A143,A152,1,A173,1,A192,A201,1
627,627,3,A124,29,A143,A152,1,A173,1,A191,A201,2
628,628,4,A121,36,A143,A152,2,A173,1,A192,A201,1
629,629,4,A121,64,A143,A152,1,A172,1,A191,A201,1
630,630,4,A123,28,A143,A152,1,A173,1,A191,A201,1
631,631,3,A123,44,A141,A152,1,A173,1,A191,A201,2
632,632,1,A122,23,A143,A152,1,A173,1,A191,A201,1
633,633,2,A123,19,A143,A151,2,A173,1,A191,A201,2
634,634,4,A123,25,A143,A152,1,A172,1,A192,A201,2
635,635,4,A122,47,A141,A152,3,A173,2,A192,A201,1
636,636,1,A123,28,A143,A152,1,A173,1,A191,A201,1
637,637,4,A123,21,A143,A152,2,A173,1,A192,A201,1
638,638,3,A123,34,A143,A152,1,A173,2,A191,A201,1
639,639,2,A122,26,A141,A152,2,A173,2,A192,A201,2
640,640,1,A121,27,A143,A152,1,A171,1,A191,A201,2
641,641,4,A123,38,A143,A152,2,A172,1,A191,A201,1
642,642,2,A122,40,A143,A152,1,A174,1,A192,A201,2
643,643,2,A123,33,A143,A152,2,A173,1,A192,A201,1
644,644,1,A122,32,A143,A152,2,A174,1,A192,A201,1
645,645,4,A123,27,A143,A151,2,A173,1,A192,A201,2
646,646,2,A121,32,A143,A152,2,A173,1,A191,A201,1
647,647,2,A122,26,A143,A152,1,A173,1,A191,A201,2
648,648,3,A124,38,A141,A153,1,A173,2,A191,A201,2
649,649,4,A123,40,A143,A151,1,A172,2,A191,A201,2
650,650,1,A124,50,A143,A153,1,A174,1,A192,A201,1
651,651,2,A122,37,A143,A152,1,A172,1,A191,A201,2
652,652,1,A121,45,A143,A152,1,A173,1,A191,A201,2
653,653,4,A123,42,A143,A152,4,A174,1,A192,A201,2
654,654,3,A123,35,A143,A152,2,A173,1,A192,A201,1
655,655,4,A124,22,A143,A153,1,A173,1,A191,A201,1
656,656,4,A123,41,A141,A152,1,A172,2,A191,A201,2
657,657,3,A123,37,A142,A152,1,A173,1,A192,A201,1
658,658,1,A123,28,A143,A152,2,A173,1,A191,A201,1
659,659,1,A124,41,A143,A152,1,A173,1,A192,A201,1
660,660,4,A121,23,A143,A151,1,A173,1,A191,A201,1
661,661,2,A123,23,A143,A152,1,A173,1,A191,A201,2
662,662,2,A121,50,A143,A152,2,A173,1,A191,A201,1
663,663,1,A122,35,A142,A152,2,A174,1,A192,A201,1
664,664,4,A122,50,A143,A152,1,A172,1,A191,A201,1
665,665,2,A124,27,A141,A152,2,A174,1,A192,A201,1
666,666,2,A123,34,A142,A152,1,A173,2,A192,A201,1
667,667,1,A121,27,A142,A152,1,A173,1,A191,A201,1
668,668,4,A122,43,A143,A151,2,A173,1,A192,A201,2
669,669,4,A122,47,A143,A152,1,A173,1,A191,A201,1
670,670,3,A122,27,A143,A152,2,A172,1,A192,A201,1
671,671,2,A123,31,A143,A152,2,A173,1,A192,A201,1
672,672,4,A122,42,A143,A152,1,A174,1,A192,A201,1
673,673,2,A123,24,A143,A152,1,A173,1,A191,A201,1
674,674,2,A121,41,A141,A152,1,A172,2,A191,A201,2
675,675,4,A123,26,A143,A151,1,A174,1,A192,A201,1
676,676,4,A123,33,A143,A152,1,A173,1,A192,A201,1
677,677,2,A123,24,A143,A152,1,A173,1,A191,A201,2
678,678,4,A121,64,A141,A151,1,A172,1,A191,A201,1
679,679,1,A121,26,A143,A152,1,A173,1,A191,A201,1
680,680,2,A124,56,A143,A152,1,A173,1,A191,A201,1
681,681,4,A124,37,A143,A153,1,A173,1,A192,A201,1
682,682,3,A121,33,A141,A152,2,A173,1,A191,A201,1
683,683,3,A124,47,A143,A153,3,A173,1,A192,A201,1
684,684,3,A122,31,A143,A152,2,A172,2,A192,A201,1
685,685,4,A124,34,A143,A153,1,A173,2,A192,A201,1
686,686,2,A122,27,A143,A152,2,A173,1,A192,A201,1
687,687,3,A124,30,A143,A153,1,A173,1,A191,A201,1
688,688,4,A123,35,A143,A152,1,A173,1,A192,A201,1
689,689,3,A122,31,A143,A152,1,A173,2,A191,A201,1
690,690,3,A122,25,A143,A152,2,A173,1,A191,A201,1
691,691,2,A121,25,A143,A152,1,A172,1,A191,A201,1
692,692,1,A123,29,A143,A152,1,A173,1,A191,A201,1
693,693,3,A121,44,A143,A152,2,A172,2,A191,A201,1
694,694,2,A123,28,A143,A152,1,A173,1,A192,A201,1
695,695,4,A122,50,A143,A151,1,A173,1,A191,A201,1
696,696,3,A121,29,A143,A152,2,A173,1,A191,A202,1
697,697,2,A122,38,A143,A152,1,A171,1,A191,A201,1
698,698,2,A123,24,A143,A152,2,A173,1,A191,A201,1
699,699,4,A123,40,A143,A151,1,A174,1,A192,A201,1
700,700,4,A123,29,A143,A151,1,A172,1,A191,A201,2
701,701,4,A124,46,A143,A153,2,A173,1,A192,A201,2
702,702,2,A124,47,A143,A153,1,A173,1,A192,A201,1
703,703,2,A122,41,A142,A152,2,A173,1,A191,A201,1
704,704,1,A122,32,A143,A152,1,A173,2,A192,A201,1
705,705,4,A124,35,A143,A153,1,A173,1,A191,A201,1
706,706,2,A122,24,A143,A152,1,A173,1,A191,A201,2
707,707,3,A122,25,A143,A151,2,A173,1,A191,A201,2
708,708,4,A121,25,A143,A152,1,A173,1,A191,A201,1
709,709,2,A121,37,A143,A152,1,A172,2,A191,A201,1
710,710,3,A122,32,A141,A152,2,A174,1,A192,A201,1
711,711,4,A124,35,A143,A153,1,A173,1,A191,A201,2
712,712,4,A121,46,A143,A152,1,A174,1,A192,A201,1
713,713,4,A121,25,A143,A152,2,A172,1,A191,A201,1
714,714,2,A124,27,A143,A152,1,A174,1,A192,A201,2
715,715,4,A123,63,A143,A152,2,A173,1,A191,A201,1
716,716,2,A123,40,A143,A152,2,A173,2,A192,A201,1
717,717,2,A124,32,A143,A153,1,A174,1,A192,A201,1
718,718,2,A123,31,A143,A152,2,A173,1,A192,A201,1
719,719,4,A123,31,A141,A152,2,A173,1,A192,A201,1
720,720,2,A123,34,A143,A152,2,A174,1,A192,A201,2
721,721,2,A122,24,A141,A151,1,A173,2,A191,A201,2
722,722,2,A121,24,A143,A152,1,A172,1,A191,A201,2
723,723,3,A121,66,A143,A152,1,A172,1,A191,A201,1
724,724,3,A121,21,A143,A151,1,A173,1,A191,A201,2
725,725,2,A121,41,A141,A152,2,A172,1,A191,A201,1
726,726,2,A122,47,A143,A152,2,A172,1,A191,A201,1
727,727,4,A123,25,A141,A151,2,A173,1,A191,A201,2
728,728,3,A124,59,A143,A151,1,A173,1,A191,A201,2
729,729,4,A121,36,A143,A152,2,A173,1,A192,A201,1
730,730,2,A123,33,A143,A152,1,A173,1,A191,A201,1
731,731,4,A121,21,A143,A151,1,A172,2,A191,A201,2
732,732,2,A121,44,A143,A152,1,A172,1,A191,A201,1
733,733,4,A123,28,A143,A151,1,A173,1,A192,A201,1
734,734,1,A121,37,A143,A152,1,A173,2,A191,A201,1
735,735,2,A124,29,A141,A152,1,A171,1,A191,A201,1
736,736,4,A123,23,A143,A151,2,A174,1,A191,A201,2
737,737,4,A123,35,A143,A152,1,A172,2,A192,A201,1
738,738,3,A124,45,A143,A152,2,A174,2,A192,A201,1
739,739,4,A123,26,A143,A151,2,A172,1,A191,A201,2
740,740,3,A123,32,A141,A152,1,A173,1,A191,A201,1
741,741,4,A121,23,A142,A152,1,A172,1,A191,A201,1
742,742,3,A122,41,A143,A152,1,A173,1,A192,A201,1
743,743,4,A121,22,A142,A152,1,A173,1,A192,A201,1
744,744,4,A122,30,A143,A152,2,A174,1,A192,A201,1
745,745,1,A122,28,A141,A152,2,A172,1,A191,A201,1
746,746,4,A123,23,A143,A151,1,A173,1,A191,A201,1
747,747,1,A121,37,A143,A152,1,A172,1,A191,A201,2
748,748,3,A123,26,A143,A152,1,A173,1,A191,A201,1
749,749,2,A123,33,A143,A152,1,A173,1,A191,A201,1
750,750,1,A122,49,A141,A152,1,A173,1,A192,A201,1
751,751,2,A123,23,A143,A152,1,A172,1,A191,A201,2
752,752,4,A121,23,A143,A151,1,A172,1,A191,A201,1
753,753,2,A123,25,A143,A152,2,A173,1,A191,A201,1
754,754,4,A124,55,A143,A153,2,A173,2,A191,A201,2
755,755,4,A124,32,A143,A151,1,A173,1,A191,A201,2
756,756,1,A121,74,A143,A152,3,A171,2,A191,A202,1
757,757,4,A124,39,A143,A153,2,A173,1,A192,A201,2
758,758,2,A121,31,A143,A152,1,A173,1,A192,A201,1
759,759,3,A122,35,A143,A152,2,A173,1,A191,A201,2
760,760,4,A123,59,A143,A152,1,A173,1,A192,A201,1
761,761,4,A121,24,A143,A151,2,A173,1,A191,A201,2
762,762,3,A122,24,A143,A152,1,A172,1,A191,A201,1
763,763,4,A124,30,A143,A153,1,A174,1,A192,A201,2
764,764,3,A122,27,A143,A152,2,A173,1,A192,A201,1
765,765,3,A121,40,A141,A152,2,A172,1,A191,A201,1
766,766,4,A122,31,A143,A152,1,A172,1,A191,A201,2
767,767,4,A121,31,A143,A151,1,A173,1,A191,A201,1
768,768,4,A123,28,A143,A151,3,A173,1,A192,A201,1
769,769,4,A121,63,A143,A152,2,A172,1,A192,A201,1
770,770,4,A121,26,A143,A151,1,A173,1,A191,A201,1
771,771,2,A124,25,A143,A152,2,A174,1,A192,A201,2
772,772,4,A123,36,A143,A152,1,A174,1,A192,A201,1
773,773,4,A122,52,A141,A152,2,A173,1,A191,A201,1
774,774,4,A124,66,A141,A153,3,A171,1,A191,A201,1
775,775,4,A121,25,A143,A151,1,A173,1,A191,A201,2
776,776,4,A123,37,A143,A152,2,A173,1,A192,A201,1
777,777,1,A121,25,A143,A152,1,A173,1,A191,A201,1
778,778,2,A123,38,A143,A152,2,A174,1,A192,A201,1
779,779,4,A123,67,A143,A152,1,A173,1,A192,A201,1
780,780,2,A121,25,A143,A152,2,A173,1,A191,A201,2
781,781,4,A121,60,A143,A152,1,A173,1,A192,A201,1
782,782,2,A121,31,A143,A152,1,A172,1,A192,A201,1
783,783,2,A122,23,A141,A152,1,A172,1,A191,A201,2
784,784,4,A121,60,A143,A152,1,A174,1,A192,A201,1
785,785,2,A122,35,A143,A152,1,A172,1,A192,A201,1
786,786,4,A123,40,A143,A152,1,A173,1,A191,A201,1
787,787,3,A123,38,A143,A152,2,A173,2,A192,A201,1
788,788,4,A124,50,A143,A153,1,A173,1,A191,A201,2
789,789,3,A124,27,A141,A152,1,A173,1,A192,A201,2
790,790,4,A122,39,A143,A152,1,A173,2,A191,A201,2
791,791,4,A123,41,A143,A152,1,A174,2,A192,A201,1
792,792,2,A122,27,A143,A152,2,A173,1,A191,A201,1
793,793,4,A124,51,A143,A153,1,A173,1,A191,A201,1
794,794,3,A124,32,A143,A151,1,A173,1,A192,A201,1
795,795,4,A122,22,A143,A151,1,A173,1,A191,A201,1
796,796,4,A122,51,A143,A153,1,A173,2,A192,A201,2
797,797,4,A122,22,A143,A151,2,A172,1,A191,A201,1
798,798,4,A123,54,A143,A152,2,A173,1,A192,A201,1
799,799,2,A121,35,A143,A152,1,A171,1,A191,A201,1
800,800,4,A124,54,A143,A153,2,A173,2,A191,A201,1
801,801,4,A121,48,A141,A151,2,A172,1,A192,A201,1
802,802,4,A122,24,A143,A152,2,A173,1,A191,A201,1
803,803,4,A123,35,A143,A152,2,A173,1,A191,A201,1
804,804,2,A121,24,A143,A151,1,A171,1,A191,A201,1
805,805,1,A123,24,A143,A152,1,A173,1,A192,A201,2
806,806,3,A121,26,A143,A152,1,A172,1,A191,A202,1
807,807,4,A121,65,A143,A152,4,A173,1,A191,A201,1
808,808,2,A124,55,A141,A153,1,A174,1,A192,A201,1
809,809,1,A121,26,A143,A151,2,A171,1,A191,A201,2
810,810,2,A121,26,A143,A152,1,A173,1,A192,A201,1
811,811,3,A121,28,A141,A152,1,A172,1,A191,A201,1
812,812,4,A123,24,A143,A152,2,A173,1,A192,A201,2
813,813,4,A123,54,A143,A152,1,A173,1,A191,A201,2
814,814,4,A124,46,A143,A153,1,A173,2,A191,A201,2
815,815,2,A122,54,A143,A151,1,A173,1,A191,A201,1
816,816,4,A121,62,A143,A152,1,A173,1,A191,A201,1
817,817,2,A123,24,A143,A151,2,A173,1,A192,A201,1
818,818,3,A123,43,A143,A152,1,A174,1,A191,A201,1
819,819,3,A121,26,A141,A152,1,A173,1,A191,A201,2
820,820,2,A121,27,A143,A152,2,A173,1,A192,A201,1
821,821,1,A123,24,A143,A152,1,A173,1,A191,A201,1
822,822,2,A122,41,A141,A152,1,A173,2,A191,A201,2
823,823,4,A121,47,A143,A152,2,A172,1,A191,A201,1
824,824,2,A123,35,A143,A152,2,A174,1,A192,A201,1
825,825,3,A123,30,A143,A152,2,A173,1,A192,A201,1
826,826,4,A121,33,A141,A151,3,A173,1,A192,A201,2
827,827,2,A123,36,A142,A152,2,A173,2,A191,A201,2
828,828,4,A124,47,A143,A153,1,A173,1,A191,A201,2
829,829,4,A124,38,A143,A153,1,A173,2,A192,A201,1
830,830,2,A123,44,A143,A152,2,A173,2,A192,A201,1
831,831,3,A123,23,A143,A151,1,A173,1,A192,A201,2
832,832,4,A123,29,A143,A151,2,A173,1,A191,A201,2
833,833,4,A123,42,A143,A152,1,A173,1,A192,A201,1
834,834,3,A121,25,A143,A152,1,A172,1,A191,A201,2
835,835,4,A123,48,A141,A152,2,A173,1,A191,A201,2
836,836,2,A123,21,A143,A152,1,A173,1,A191,A201,1
837,837,3,A121,23,A143,A151,1,A172,2,A191,A201,1
838,838,4,A122,63,A143,A152,2,A173,1,A192,A201,1
839,839,3,A121,46,A143,A152,2,A173,1,A191,A201,1
840,840,2,A122,29,A143,A152,1,A173,1,A191,A201,2
841,841,2,A121,28,A142,A152,2,A172,1,A191,A201,1
842,842,4,A121,23,A143,A152,1,A173,1,A191,A201,2
843,843,4,A123,50,A141,A152,1,A173,1,A192,A201,1
844,844,4,A122,47,A141,A152,3,A173,2,A192,A201,1
845,845,3,A123,35,A143,A152,1,A173,1,A192,A201,1
846,846,4,A123,68,A143,A151,2,A173,1,A191,A201,2
847,847,2,A121,28,A143,A152,1,A173,1,A191,A201,1
848,848,4,A121,59,A143,A152,1,A173,1,A191,A201,1
849,849,4,A121,57,A142,A152,1,A172,1,A191,A201,2
850,850,2,A122,33,A141,A151,2,A173,1,A191,A202,2
851,851,4,A122,43,A143,A152,2,A173,1,A192,A201,1
852,852,4,A124,35,A143,A153,2,A173,1,A192,A201,1
853,853,4,A124,32,A143,A153,2,A172,2,A191,A201,2
854,854,2,A123,45,A143,A152,2,A173,2,A192,A201,1
855,855,3,A121,33,A143,A152,1,A173,1,A192,A201,1
856,856,3,A122,40,A143,A152,1,A173,1,A192,A201,1
857,857,2,A124,28,A143,A153,1,A173,1,A192,A201,1
858,858,2,A122,29,A143,A152,1,A173,1,A192,A201,2
859,859,2,A121,26,A143,A151,1,A173,2,A191,A202,1
860,860,2,A121,27,A143,A152,2,A173,1,A191,A201,1
861,861,2,A123,28,A143,A152,1,A173,1,A192,A201,2
862,862,4,A121,35,A143,A152,1,A173,1,A192,A201,2
863,863,2,A121,32,A142,A152,2,A172,2,A192,A201,1
864,864,2,A121,25,A141,A151,1,A172,1,A191,A201,2
865,865,4,A123,20,A143,A151,1,A173,1,A191,A201,1
866,866,1,A123,27,A142,A152,1,A173,1,A191,A201,1
867,867,4,A122,42,A142,A152,1,A173,1,A191,A201,1
868,868,2,A122,37,A143,A152,2,A173,1,A191,A201,1
869,869,4,A122,24,A143,A151,1,A173,1,A191,A201,1
870,870,4,A123,40,A143,A152,2,A173,1,A192,A201,1
871,871,4,A121,46,A143,A152,2,A173,2,A191,A202,1
872,872,1,A121,26,A143,A152,2,A173,1,A192,A201,1
873,873,1,A121,24,A143,A152,1,A173,1,A191,A201,1
874,874,2,A122,29,A143,A152,1,A172,2,A191,A201,1
875,875,4,A123,40,A143,A152,2,A173,1,A191,A201,1
876,876,4,A124,36,A141,A153,1,A174,1,A192,A201,1
877,877,2,A123,28,A143,A152,1,A173,1,A191,A201,1
878,878,2,A124,27,A143,A153,1,A174,1,A192,A201,2
879,879,3,A122,36,A143,A152,2,A173,1,A191,A201,1
880,880,3,A123,38,A143,A152,1,A174,1,A192,A201,1
881,881,4,A124,48,A143,A153,1,A173,1,A192,A201,1
882,882,4,A121,36,A143,A152,2,A173,1,A191,A201,1
883,883,4,A123,65,A143,A152,2,A171,1,A191,A201,1
884,884,3,A123,43,A143,A152,1,A173,1,A192,A201,2
885,885,4,A122,53,A143,A152,1,A173,1,A191,A201,2
886,886,3,A124,34,A143,A152,2,A173,2,A192,A201,1
887,887,2,A123,23,A143,A152,1,A173,1,A192,A201,2
888,888,4,A123,34,A143,A152,2,A174,1,A192,A201,1
889,889,4,A121,40,A141,A151,2,A173,2,A192,A201,1
890,890,4,A123,43,A142,A152,4,A174,2,A192,A201,1
891,891,4,A123,46,A143,A152,2,A173,1,A192,A201,1
892,892,4,A122,38,A141,A152,2,A172,1,A191,A202,1
893,893,4,A123,34,A143,A152,2,A173,1,A192,A201,1
894,894,3,A122,29,A143,A152,2,A173,1,A192,A201,1
895,895,2,A123,31,A142,A152,1,A174,2,A192,A201,1
896,896,4,A122,28,A143,A151,1,A174,1,A192,A201,1
897,897,2,A122,35,A143,A152,1,A173,1,A191,A202,1
898,898,4,A121,33,A141,A151,1,A172,1,A191,A201,1
899,899,3,A123,42,A143,A152,1,A173,1,A191,A201,2
900,900,4,A122,43,A141,A151,1,A173,1,A192,A201,2
901,901,4,A121,44,A143,A152,2,A173,1,A192,A201,1
902,902,4,A124,42,A143,A153,2,A173,1,A191,A201,1
903,903,2,A121,40,A143,A151,1,A173,1,A192,A201,1
904,904,1,A121,36,A143,A152,1,A174,1,A192,A201,1
905,905,2,A121,20,A143,A151,1,A174,2,A192,A201,1
906,906,2,A121,24,A143,A152,1,A172,1,A191,A202,1
907,907,2,A123,27,A143,A152,1,A173,1,A191,A201,1
908,908,2,A122,46,A143,A152,2,A172,1,A191,A201,1
909,909,2,A121,33,A143,A152,1,A172,1,A191,A201,1
910,910,4,A121,34,A143,A152,2,A173,1,A191,A201,1
911,911,4,A123,25,A141,A152,1,A172,1,A191,A201,2
912,912,4,A123,25,A143,A152,1,A173,1,A191,A201,1
913,913,2,A121,28,A143,A152,1,A173,1,A192,A201,1
914,914,2,A122,31,A143,A151,1,A173,1,A192,A201,2
915,915,2,A122,32,A141,A152,1,A174,1,A192,A202,2
916,916,2,A121,32,A143,A152,1,A173,2,A191,A201,1
917,917,4,A124,68,A141,A152,1,A174,1,A192,A201,2
918,918,1,A122,33,A143,A152,1,A173,1,A191,A201,2
919,919,2,A122,39,A143,A151,1,A174,1,A192,A201,2
920,920,2,A124,28,A143,A152,2,A173,1,A191,A201,1
921,921,1,A123,37,A143,A152,1,A174,1,A192,A201,1
922,922,4,A122,22,A143,A151,1,A173,1,A191,A201,2
923,923,4,A122,30,A143,A151,1,A173,2,A192,A201,1
924,924,1,A122,55,A141,A152,1,A173,1,A192,A201,2
925,925,2,A123,46,A141,A152,2,A173,1,A192,A201,2
926,926,4,A122,21,A143,A151,1,A173,1,A191,A201,1
927,927,4,A124,39,A142,A153,3,A173,2,A192,A201,2
928,928,4,A123,58,A143,A152,1,A173,1,A192,A201,1
929,929,2,A121,43,A143,A152,2,A172,2,A191,A201,1
930,930,1,A122,24,A143,A152,1,A172,1,A191,A202,1
931,931,2,A123,22,A143,A152,1,A173,1,A192,A201,2
932,932,1,A121,30,A143,A152,2,A173,1,A191,A201,1
933,933,4,A122,42,A143,A152,2,A173,2,A192,A201,1
934,934,1,A123,23,A141,A152,1,A173,1,A191,A201,1
935,935,3,A124,30,A142,A152,2,A174,1,A191,A201,2
936,936,2,A121,28,A143,A152,1,A172,1,A191,A201,2
937,937,3,A123,30,A143,A151,1,A174,1,A192,A201,1
938,938,4,A124,42,A143,A153,1,A173,1,A191,A201,2
939,939,4,A122,46,A143,A152,2,A174,2,A192,A201,1
940,940,3,A122,45,A143,A152,1,A174,2,A192,A201,1
941,941,2,A121,31,A143,A152,1,A172,2,A191,A202,1
942,942,2,A123,31,A142,A152,1,A173,1,A192,A201,1
943,943,1,A121,42,A143,A152,3,A172,2,A191,A201,1
944,944,1,A122,46,A143,A151,1,A173,1,A191,A201,1
945,945,1,A123,30,A143,A152,2,A173,1,A191,A201,1
946,946,4,A124,30,A143,A153,1,A173,2,A192,A201,2
947,947,4,A124,38,A143,A152,1,A174,1,A192,A201,1
948,948,1,A122,43,A143,A152,1,A172,2,A191,A201,2
949,949,4,A123,31,A143,A152,2,A173,1,A191,A201,2
950,950,3,A123,40,A143,A152,3,A171,2,A192,A201,1
951,951,1,A123,24,A143,A152,2,A173,1,A192,A201,2
952,952,4,A123,28,A143,A151,1,A173,1,A191,A201,2
953,953,2,A123,26,A143,A152,2,A174,1,A192,A201,2
954,954,4,A122,29,A143,A152,1,A173,1,A192,A201,1
955,955,4,A122,57,A143,A151,2,A174,1,A192,A201,1
956,956,4,A122,49,A142,A152,2,A172,1,A191,A201,1
957,957,4,A121,37,A143,A152,3,A172,1,A191,A201,1
958,958,2,A123,45,A143,A152,1,A172,1,A191,A201,2
959,959,4,A124,30,A143,A153,1,A173,1,A191,A201,1
960,960,2,A121,30,A143,A151,2,A173,1,A191,A201,1
961,961,4,A122,47,A143,A152,2,A173,1,A191,A201,1
962,962,2,A124,29,A143,A152,1,A173,1,A191,A201,1
963,963,2,A123,35,A141,A152,2,A173,1,A192,A201,2
964,964,1,A122,22,A143,A152,1,A172,1,A191,A201,1
965,965,1,A123,26,A143,A152,1,A173,1,A191,A201,1
966,966,2,A122,23,A143,A152,2,A172,1,A191,A201,2
967,967,2,A123,54,A141,A151,1,A174,1,A192,A201,1
968,968,4,A122,29,A143,A151,1,A173,1,A192,A201,1
969,969,2,A121,40,A143,A152,2,A172,2,A191,A201,1
970,970,2,A121,22,A143,A152,1,A173,1,A191,A201,1
971,971,4,A122,43,A143,A152,1,A172,2,A191,A201,1
972,972,4,A124,29,A143,A151,2,A171,1,A191,A201,2
973,973,4,A124,36,A143,A151,1,A173,1,A191,A201,2
974,974,2,A123,33,A143,A152,1,A173,1,A192,A201,1
975,975,3,A123,57,A143,A152,1,A172,1,A191,A201,1
976,976,3,A121,64,A143,A152,1,A173,1,A191,A201,1
977,977,2,A122,42,A143,A152,2,A173,1,A191,A201,1
978,978,4,A123,47,A143,A152,2,A172,2,A191,A201,2
979,979,2,A122,25,A143,A151,1,A173,1,A191,A201,2
980,980,2,A122,49,A143,A152,1,A173,1,A191,A201,2
981,981,2,A123,33,A141,A151,1,A174,1,A192,A201,2
982,982,1,A123,28,A141,A152,1,A174,1,A192,A201,1
983,983,2,A122,26,A143,A152,1,A173,2,A191,A201,2
984,984,2,A122,30,A143,A152,2,A172,1,A191,A201,1
985,985,3,A122,25,A143,A151,2,A173,1,A191,A201,1
986,986,1,A122,33,A143,A152,2,A173,1,A191,A201,1
987,987,4,A121,64,A143,A152,1,A173,1,A191,A201,1
988,988,2,A124,29,A143,A153,1,A174,1,A192,A201,1
989,989,2,A122,48,A143,A152,2,A172,1,A191,A201,1
990,990,1,A122,37,A143,A152,2,A172,2,A191,A201,1
991,991,4,A123,34,A141,A152,1,A172,2,A191,A201,1
992,992,4,A123,23,A143,A151,2,A172,1,A191,A201,1
993,993,3,A122,30,A143,A152,1,A174,1,A192,A201,1
994,994,3,A123,50,A143,A152,1,A173,1,A192,A201,1
995,995,4,A121,31,A143,A152,1,A172,1,A191,A201,1
996,996,4,A122,40,A143,A152,1,A174,1,A192,A201,1
997,997,4,A123,38,A143,A152,1,A173,1,A191,A201,1
998,998,4,A124,23,A143,A153,1,A173,1,A192,A201,2
999,999,4,A123,27,A143,A152,1,A173,1,A191,A201,1
